<?xml version="1.0" encoding="UTF-8"?>
<project default="Goal2Codegenerate" name="AcceleoGoal2Code">
    <property name="ECLIPSE_HOME" value="../../../eclipse"/>
    <property name="ECLIPSE_WORKSPACE" value="../.."/>

    <!-- The classpath with only the dependencies used by the project -->
    <path id="AcceleoGoal2Code.libraryclasspath">
        <pathelement location="${ECLIPSE_WORKSPACE}/AcceleoGoal2Code/bin"/>
        <pathelement location="${ECLIPSE_HOME}/plugins/org.eclipse.core.runtime_3.13.0.v20170207-1030.jar"/>
        <pathelement location="${ECLIPSE_HOME}/plugins/javax.inject_1.0.0.v20091030.jar"/>
        <pathelement location="${ECLIPSE_HOME}/plugins/org.eclipse.osgi_3.12.50.v20170928-1321.jar"/>
        <pathelement location="${ECLIPSE_HOME}/plugins/org.eclipse.osgi.compatibility.state_1.1.0.v20170516-1513.jar"/>
        <pathelement location="${ECLIPSE_HOME}/plugins/org.eclipse.equinox.common_3.9.0.v20170207-1454.jar"/>
        <pathelement location="${ECLIPSE_HOME}/plugins/org.eclipse.core.jobs_3.9.2.v20171030-1027.jar"/>
        <pathelement location="${ECLIPSE_HOME}/plugins/org.eclipse.equinox.registry_3.7.0.v20170222-1344.jar"/>
        <pathelement location="${ECLIPSE_HOME}/plugins/org.eclipse.equinox.preferences_3.7.0.v20170126-2132.jar"/>
        <pathelement location="${ECLIPSE_HOME}/plugins/org.eclipse.core.contenttype_3.6.0.v20170207-1037.jar"/>
        <pathelement location="${ECLIPSE_HOME}/plugins/org.eclipse.equinox.app_1.3.400.v20150715-1528.jar"/>
        <pathelement location="${ECLIPSE_HOME}/plugins/org.eclipse.emf.ecore_2.13.0.v20170609-0707.jar"/>
        <pathelement location="${ECLIPSE_HOME}/plugins/org.eclipse.emf.common_2.13.0.v20170609-0707.jar"/>
        <pathelement location="${ECLIPSE_HOME}/plugins/org.eclipse.emf.ecore.xmi_2.13.0.v20170609-0707.jar"/>
        <pathelement location="${ECLIPSE_HOME}/plugins/org.eclipse.ocl_3.6.200.v20170522-1736.jar"/>
        <pathelement location="${ECLIPSE_HOME}/plugins/lpg.runtime.java_2.0.18.jar"/>
        <pathelement location="${ECLIPSE_HOME}/plugins/org.eclipse.ocl.common_1.4.200.v20160613-1518.jar"/>
        <pathelement location="${ECLIPSE_HOME}/plugins/org.eclipse.ocl.ecore_3.6.200.v20170522-1736.jar"/>
        <pathelement location="${ECLIPSE_HOME}/plugins/org.eclipse.acceleo.common_3.7.2.201708211328.jar"/>
        <pathelement location="${ECLIPSE_HOME}/plugins/org.eclipse.acceleo.model_3.7.2.201708211328.jar"/>
        <pathelement location="${ECLIPSE_HOME}/plugins/org.eclipse.acceleo.profiler_3.7.2.201708211328.jar"/>
        <pathelement location="${ECLIPSE_HOME}/plugins/org.eclipse.acceleo.engine_3.7.2.201708211328.jar"/>
        <pathelement location="${ECLIPSE_HOME}/plugins/org.eclipse.emf.codegen.ecore_2.13.0.v20170609-0928.jar"/>
        <pathelement location="${ECLIPSE_HOME}/plugins/org.eclipse.emf.codegen_2.12.0.v20170609-0928.jar"/>
        <pathelement location="${ECLIPSE_HOME}/plugins/com.google.guava_21.0.0.v20170206-1425.jar"/>
        <pathelement location="${ECLIPSE_WORKSPACE}//AcceleoGoal2Code/lib/sqljdbc4-2.0.jar"/>
    </path>

    <path id="AcceleoGoal2Code.classpath">
        <path refid="AcceleoGoal2Code.libraryclasspath"/>
    </path>

    <!-- The classpath with only the jars available in the plugin folder of Eclipse -->
    <path id="AcceleoGoal2Code.libraryclasspath.alljars">
        <pathelement location="../AcceleoGoal2Code/bin"/>
        <fileset dir="${ECLIPSE_HOME}/plugins/" includes="*.jar"/>
    </path>

    <path id="AcceleoGoal2Code.classpath.alljars">
        <path refid="AcceleoGoal2Code.libraryclasspath.alljars"/>
    </path>

    <!-- The default task with the jars used by this project -->
    <target name="Goal2Codegenerate">
        <java classname="AcceleoGoal2Code.main.Goal2Codegenerate" classpathref="AcceleoGoal2Code.classpath">
            <arg value="${model}"/>
            <arg value="${target}"/>
        </java>
    </target>

    <!--
        In case of problem you can also try with all the jar available in your Eclipse
        Keep in mind that having two versions of the same jar can create problems
    -->
    <target name="Goal2Codegenerate.alljars">
        <java classname="AcceleoGoal2Code.main.Goal2Codegenerate" classpathref="AcceleoGoal2Code.classpath">
            <arg value="${model}"/>
            <arg value="${target}"/>
        </java>
    </target>
</project>
